,loss,accuracy,f1,precision,recall,val_loss,val_accuracy,val_f1,val_precision,val_recall
0,0.3666777014732361,0.8444444537162781,0.7244415283203125,0.7648777365684509,0.7451323866844177,0.2501693665981293,0.9135802388191223,0.9091775417327881,0.8629629611968994,0.9814814925193787
1,0.14356064796447754,0.949999988079071,0.9260075688362122,0.9173985719680786,0.9487125873565674,0.33855506777763367,0.9012345671653748,0.8966774940490723,0.8583333492279053,0.9576719403266907
2,0.10190779715776443,0.9708333611488342,0.9524655938148499,0.9561552405357361,0.9561816453933716,0.3855871260166168,0.8765432238578796,0.8755990862846375,0.8214285373687744,0.9814814925193787
3,0.04407928138971329,0.9944444298744202,0.9921833276748657,0.993827223777771,0.991851806640625,0.5778728127479553,0.8641975522041321,0.8634259104728699,0.8277778029441833,0.9391534328460693
