,loss,accuracy,f1,precision,recall,val_loss,val_accuracy,val_f1,val_precision,val_recall
0,0.6099588871002197,0.6847222447395325,0.3457081913948059,0.4781056344509125,0.3091484010219574,0.46701812744140625,0.7777777910232544,0.6867079734802246,0.7948718070983887,0.6722221970558167
1,0.46995866298675537,0.7722222208976746,0.640367865562439,0.7506224513053894,0.6023777723312378,0.38372960686683655,0.8271604776382446,0.8042327761650085,0.7738094925880432,0.8666666150093079
2,0.37895727157592773,0.8347222208976746,0.7652875781059265,0.7936742901802063,0.799196183681488,0.3332458436489105,0.8641975522041321,0.8520857691764832,0.800000011920929,0.9333333373069763
3,0.261040598154068,0.9041666388511658,0.8636438846588135,0.8593832850456238,0.8826340436935425,0.3641059398651123,0.8765432238578796,0.8634817600250244,0.8190476298332214,0.9333333373069763
4,0.22256439924240112,0.9125000238418579,0.8743335008621216,0.8817662596702576,0.8787482976913452,0.3108910024166107,0.8765432238578796,0.8562962412834167,0.8410256505012512,0.9000000357627869
5,0.1987755447626114,0.9319444298744202,0.9010534882545471,0.89541095495224,0.9141944646835327,0.3409454822540283,0.8765432238578796,0.8634817600250244,0.8190476298332214,0.9333333373069763
6,0.1433725208044052,0.9541666507720947,0.9287944436073303,0.9180620312690735,0.9459156394004822,0.32817643880844116,0.8765432238578796,0.8562962412834167,0.8410256505012512,0.9000000357627869
