,loss,accuracy,f1,precision,recall,val_loss,val_accuracy,val_f1,val_precision,val_recall
0,0.3891727328300476,0.8236111402511597,0.6935217380523682,0.7425723671913147,0.7001733183860779,0.25944629311561584,0.8888888955116272,0.8587204813957214,0.8632478713989258,0.8666666150093079
1,0.19526536762714386,0.9347222447395325,0.9129413366317749,0.9024991393089294,0.9331095218658447,0.30765461921691895,0.8888888955116272,0.8648581504821777,0.8498168587684631,0.9000000357627869
2,0.1258607804775238,0.949999988079071,0.9115387201309204,0.9449844360351562,0.8983051180839539,0.34042853116989136,0.8765432238578796,0.8562962412834167,0.8410256505012512,0.9000000357627869
3,0.06932589411735535,0.9819444417953491,0.9771161079406738,0.9714441895484924,0.9851588606834412,0.4248201847076416,0.9135802388191223,0.894074022769928,0.8791208863258362,0.9333333373069763
4,0.03165879100561142,0.9930555820465088,0.9911014437675476,0.992546558380127,0.9903725981712341,0.4898293614387512,0.8888888955116272,0.8553792834281921,0.8717948794364929,0.8666666150093079
5,0.014556078240275383,0.9930555820465088,0.9894623756408691,0.9884058237075806,0.9918246269226074,0.6311366558074951,0.8641975522041321,0.8385184407234192,0.8315017819404602,0.8666666150093079
6,0.01185132097452879,0.9972222447395325,0.9964694380760193,0.9956521391868591,0.9975845217704773,0.6800931096076965,0.8888888955116272,0.8798920512199402,0.8273809552192688,0.9666666984558105
