,loss,accuracy,f1,precision,recall,val_loss,val_accuracy,val_f1,val_precision,val_recall
0,0.40058669447898865,0.8166666626930237,0.686248242855072,0.7219753861427307,0.7202734351158142,0.27264702320098877,0.8888888955116272,0.880473792552948,0.8564814925193787,0.9391534328460693
1,0.17651401460170746,0.9305555820465088,0.8980391621589661,0.8970779180526733,0.9136507511138916,0.30929186940193176,0.8888888955116272,0.8827886581420898,0.8416666984558105,0.9576719403266907
2,0.11676333844661713,0.9597222208976746,0.9394629001617432,0.9478219747543335,0.9472310543060303,0.36235037446022034,0.8518518805503845,0.8485293984413147,0.8306878209114075,0.920634925365448
3,0.05901961401104927,0.987500011920929,0.9766651391983032,0.9830864071846008,0.9770722985267639,0.3984367549419403,0.8888888955116272,0.8818626999855042,0.8731481432914734,0.920634925365448
4,0.03335440531373024,0.9888888597488403,0.9805765151977539,0.9853174686431885,0.9801587462425232,0.459713876247406,0.8641975522041321,0.8510935306549072,0.859259307384491,0.8730158805847168
