,loss,accuracy,f1,precision,recall,val_loss,val_accuracy,val_f1,val_precision,val_recall
0,0.5742544531822205,0.7208333611488342,0.48630526661872864,0.6272382140159607,0.4327090382575989,0.5033372044563293,0.7654321193695068,0.7041062712669373,0.7662337422370911,0.6888888478279114
1,0.3673361539840698,0.8416666388511658,0.7743543386459351,0.8178956508636475,0.7534918785095215,0.4096297323703766,0.8518518805503845,0.8326210379600525,0.8263888955116272,0.8722221851348877
2,0.27605322003364563,0.8861111402511597,0.8264573216438293,0.8503913283348083,0.828055202960968,0.38554441928863525,0.8641975522041321,0.8418517708778381,0.8388888835906982,0.8722221851348877
3,0.24605360627174377,0.9097222089767456,0.8644533753395081,0.8838179111480713,0.8748090863227844,0.3985542058944702,0.8641975522041321,0.8580116629600525,0.8174962401390076,0.9333333373069763
4,0.20642933249473572,0.9263888597488403,0.8989021182060242,0.8903889656066895,0.9197640419006348,0.3877916932106018,0.8765432238578796,0.8562962412834167,0.8410256505012512,0.9000000357627869
5,0.16677379608154297,0.9375,0.9088524580001831,0.9073606729507446,0.9166295528411865,0.3909958600997925,0.8888888955116272,0.8757894039154053,0.8410256505012512,0.9333333373069763
6,0.11747746914625168,0.9583333134651184,0.9270095825195312,0.9229319095611572,0.9429460763931274,0.49191367626190186,0.8888888955116272,0.8757894039154053,0.8410256505012512,0.9333333373069763
7,0.1094798594713211,0.9583333134651184,0.9382025599479675,0.9528037905693054,0.9324582815170288,0.5060432553291321,0.8641975522041321,0.8656744956970215,0.8164642453193665,0.9666666984558105
8,0.08277982473373413,0.9708333611488342,0.9542846083641052,0.9570613503456116,0.9609354138374329,0.5431919693946838,0.8765432238578796,0.8562962412834167,0.8410256505012512,0.9000000357627869
