,loss,accuracy,f1,precision,recall,val_loss,val_accuracy,val_f1,val_precision,val_recall
0,0.5582224726676941,0.7013888955116272,0.4565693438053131,0.5748612880706787,0.4410533607006073,0.40736696124076843,0.8148148059844971,0.810403048992157,0.7394841313362122,0.9391534328460693
1,0.3448861539363861,0.8527777791023254,0.7802130579948425,0.8165672421455383,0.780552327632904,0.34355124831199646,0.8641975522041321,0.8483309745788574,0.8425925374031067,0.8974867463111877
2,0.28101876378059387,0.8916666507720947,0.8363487124443054,0.8580777645111084,0.8679629564285278,0.34008097648620605,0.8765432238578796,0.85936039686203,0.8425925374031067,0.9160053133964539
3,0.21291647851467133,0.9222221970558167,0.8864070177078247,0.8996736407279968,0.9017724990844727,0.38842880725860596,0.8765432238578796,0.85936039686203,0.8425925374031067,0.9160053133964539
4,0.16450496017932892,0.9305555820465088,0.9032082557678223,0.9053968787193298,0.9166314601898193,0.3453691303730011,0.8641975522041321,0.8454714417457581,0.8356481194496155,0.8921957612037659
5,0.13051846623420715,0.9486111402511597,0.9291114807128906,0.9294259548187256,0.9410582780838013,0.3280203640460968,0.8765432238578796,0.8534080386161804,0.850529134273529,0.8921957612037659
