,loss,accuracy,f1,precision,recall,val_loss,val_accuracy,val_f1,val_precision,val_recall
0,0.5039642453193665,0.7819444537162781,0.5557937622070312,0.6918026804924011,0.500320553779602,0.35759109258651733,0.8518518805503845,0.8003220558166504,0.8371211886405945,0.7722222208976746
1,0.2647547125816345,0.9027777910232544,0.8564885854721069,0.87956702709198,0.8492639660835266,0.2681761682033539,0.8888888955116272,0.8579568266868591,0.8614718914031982,0.8666666150093079
2,0.18059669435024261,0.9333333373069763,0.9061658978462219,0.9002041220664978,0.9240819811820984,0.23847773671150208,0.8888888955116272,0.8587204813957214,0.8632478713989258,0.8666666150093079
3,0.12552636861801147,0.9597222208976746,0.9387584924697876,0.935855507850647,0.9463598728179932,0.2073371857404709,0.9259259104728699,0.9030910134315491,0.9090909361839294,0.8999999165534973
4,0.08578673750162125,0.9736111164093018,0.9632615447044373,0.9734482765197754,0.9558552503585815,0.3300137519836426,0.8765432238578796,0.8717948794364929,0.8065476417541504,0.9666666984558105
5,0.06442373991012573,0.9791666865348816,0.9710716605186462,0.9690818190574646,0.975257396697998,0.2437005639076233,0.9259259104728699,0.9024561047554016,0.9076922535896301,0.8999999165534973
6,0.04204627126455307,0.9916666746139526,0.9878097772598267,0.990165650844574,0.9868358373641968,0.23894710838794708,0.9012345671653748,0.8910256028175354,0.8333333134651184,0.9666666984558105
