,loss,accuracy,f1,precision,recall,val_loss,val_accuracy,val_f1,val_precision,val_recall
0,0.44366222620010376,0.8041666746139526,0.6407724618911743,0.707197368144989,0.6236138343811035,0.2618737518787384,0.8765432238578796,0.8278430104255676,0.8743589520454407,0.800000011920929
1,0.20292282104492188,0.925000011920929,0.8944730162620544,0.902859628200531,0.8942238092422485,0.243540957570076,0.9012345671653748,0.8974358439445496,0.8541666865348816,0.9666666984558105
2,0.11499826610088348,0.956944465637207,0.9381192922592163,0.929893434047699,0.9521586298942566,0.2229411005973816,0.9135802388191223,0.8752436637878418,0.9259259104728699,0.8333333134651184
3,0.06349609047174454,0.9736111164093018,0.9624258875846863,0.9611848592758179,0.967639148235321,0.21891894936561584,0.9135802388191223,0.8904991149902344,0.8974359035491943,0.9000000357627869
4,0.033418919891119,0.9916666746139526,0.9884552359580994,0.9858576059341431,0.9920635223388672,0.3365899324417114,0.8641975522041321,0.8632478713989258,0.7955182194709778,0.9666666984558105
