,loss,accuracy,f1,precision,recall,val_loss,val_accuracy,val_f1,val_precision,val_recall
0,0.5851913690567017,0.6944444179534912,0.43962159752845764,0.5976613163948059,0.40907910466194153,0.4015466570854187,0.8765432238578796,0.8515470027923584,0.8376068472862244,0.8722222447395325
1,0.32722505927085876,0.8652777671813965,0.8097943067550659,0.8468731641769409,0.7892066240310669,0.3332834243774414,0.8518518805503845,0.8139730095863342,0.8333333134651184,0.8055555820465088
2,0.20972733199596405,0.925000011920929,0.8914737701416016,0.8946191668510437,0.9011771082878113,0.3139536380767822,0.8765432238578796,0.8591227531433105,0.8296703696250916,0.9055555462837219
3,0.1508370041847229,0.9513888955116272,0.92580246925354,0.9464704990386963,0.9177886843681335,0.38561388850212097,0.8641975522041321,0.8579139709472656,0.7916666865348816,0.9666666984558105
4,0.10653997957706451,0.9652777910232544,0.9502169489860535,0.9634267687797546,0.9426841139793396,0.30536162853240967,0.8518518805503845,0.8011763691902161,0.8487179279327393,0.7722222208976746
5,0.05652141943573952,0.987500011920929,0.9825243949890137,0.9803840517997742,0.9861811995506287,0.3188078701496124,0.8765432238578796,0.850499153137207,0.8461539149284363,0.8722221851348877
