,loss,accuracy,f1,precision,recall,val_loss,val_accuracy,val_f1,val_precision,val_recall
0,0.49673664569854736,0.7416666746139526,0.4698356091976166,0.5571044087409973,0.45207950472831726,0.3243916630744934,0.8518518805503845,0.8198513984680176,0.8428571224212646,0.8234127163887024
1,0.2450195550918579,0.9055555462837219,0.8717473149299622,0.8655242919921875,0.9019383788108826,0.38737329840660095,0.8395061492919922,0.8231480717658997,0.8027777671813965,0.8789682388305664
2,0.17342765629291534,0.9361110925674438,0.9105828404426575,0.9135627150535583,0.931216835975647,0.3032861053943634,0.9012345671653748,0.8943626880645752,0.8731481432914734,0.9391534328460693
3,0.07295699417591095,0.9763888716697693,0.9700549840927124,0.9773455858230591,0.967689573764801,0.4917660355567932,0.8395061492919922,0.805555522441864,0.8833333849906921,0.817460298538208
4,0.04618491977453232,0.987500011920929,0.98249751329422,0.9823809266090393,0.9858995079994202,0.37567102909088135,0.9012345671653748,0.8714285492897034,0.8928571343421936,0.865079402923584
5,0.01138914842158556,0.9986110925674438,0.9975308775901794,1.0,0.9955555200576782,0.48125946521759033,0.9135802388191223,0.882417619228363,0.9166666865348816,0.865079402923584
