,loss,accuracy,f1,precision,recall,val_loss,val_accuracy,val_f1,val_precision,val_recall
0,0.4562450051307678,0.7597222328186035,0.592241644859314,0.6706662178039551,0.6109146475791931,0.3006223142147064,0.8765432238578796,0.8574735522270203,0.8595237731933594,0.8974867463111877
1,0.200095534324646,0.9222221970558167,0.8932302594184875,0.8878723382949829,0.9153952598571777,0.3379848301410675,0.8765432238578796,0.8604497313499451,0.8462963104248047,0.9212962985038757
2,0.11578163504600525,0.9680555462837219,0.9549186825752258,0.9690740704536438,0.9508640766143799,0.2559721767902374,0.9135802388191223,0.908088207244873,0.8833333849906921,0.9629629254341125
3,0.0728096142411232,0.9763888716697693,0.96491938829422,0.9671605229377747,0.9712963700294495,0.5114544630050659,0.8765432238578796,0.8721404671669006,0.8523147702217102,0.9153439402580261
4,0.07870630919933319,0.9750000238418579,0.9696944355964661,0.9711464643478394,0.9759876728057861,0.43337273597717285,0.8765432238578796,0.849206268787384,0.89682537317276,0.8227512836456299
5,0.039129771292209625,0.9847221970558167,0.9780384302139282,0.9760230183601379,0.9844444394111633,0.4867226481437683,0.9135802388191223,0.8851136565208435,0.8981481194496155,0.8835979104042053
