,loss,accuracy,f1,precision,recall,val_loss,val_accuracy,val_f1,val_precision,val_recall
0,0.5014147162437439,0.7555555701255798,0.5529249310493469,0.6849796175956726,0.5653731226921082,0.31624940037727356,0.8888888955116272,0.8579568266868591,0.8614718914031982,0.8666666150093079
1,0.2515646517276764,0.9069444537162781,0.8687726855278015,0.8748429417610168,0.8693311810493469,0.346936970949173,0.8641975522041321,0.8439885973930359,0.8190476298332214,0.9000000357627869
2,0.18079829216003418,0.9375,0.8958067893981934,0.9011550545692444,0.9010555148124695,0.323467493057251,0.8765432238578796,0.8539885878562927,0.8333333134651184,0.9000000357627869
3,0.12868793308734894,0.9527778029441833,0.9326462745666504,0.9339743256568909,0.9371537566184998,0.3242124021053314,0.8888888955116272,0.8662962317466736,0.855311393737793,0.9000000357627869
4,0.07562559843063354,0.9791666865348816,0.9668510556221008,0.9734412431716919,0.9623026847839355,0.3875887989997864,0.8765432238578796,0.8445097804069519,0.855311393737793,0.8666666150093079
5,0.04067899286746979,0.9916666746139526,0.9899225831031799,0.9939613342285156,0.9863623976707458,0.4644525349140167,0.8765432238578796,0.8481802940368652,0.8461539149284363,0.8666666150093079
6,0.04632110148668289,0.9888888597488403,0.9871646761894226,0.9913415312767029,0.9842995405197144,0.4977702796459198,0.8765432238578796,0.8562962412834167,0.8410256505012512,0.9000000357627869
