,loss,accuracy,f1,precision,recall,val_loss,val_accuracy,val_f1,val_precision,val_recall
0,0.3767909109592438,0.8416666388511658,0.6966710090637207,0.7213315367698669,0.7197354435920715,0.3124878406524658,0.8765432238578796,0.8744552731513977,0.8277778029441833,0.9576719403266907
1,0.20631709694862366,0.918055534362793,0.8767171502113342,0.8878804445266724,0.8889329433441162,0.36181119084358215,0.8641975522041321,0.8634259104728699,0.8277778029441833,0.9391534328460693
2,0.12938563525676727,0.956944465637207,0.9339931011199951,0.9330512285232544,0.9493914842605591,0.36123961210250854,0.8395061492919922,0.829878568649292,0.8267195224761963,0.8730158805847168
3,0.06931518763303757,0.9791666865348816,0.9609353542327881,0.9680070877075195,0.964973509311676,0.39627447724342346,0.8641975522041321,0.8541310429573059,0.855555534362793,0.89682537317276
