,loss,accuracy,f1,precision,recall,val_loss,val_accuracy,val_f1,val_precision,val_recall
0,0.43672019243240356,0.7944444417953491,0.6638861298561096,0.7106414437294006,0.6985450387001038,0.30458736419677734,0.8765432238578796,0.8634817600250244,0.8190476298332214,0.9333333373069763
1,0.1874624490737915,0.9375,0.9157536625862122,0.9086260795593262,0.9306208491325378,0.29956501722335815,0.8641975522041321,0.8457040190696716,0.8095238208770752,0.8999999165534973
2,0.10203486680984497,0.9666666388511658,0.9474360346794128,0.9523879885673523,0.9504565596580505,0.34851616621017456,0.8888888955116272,0.8662962317466736,0.855311393737793,0.9000000357627869
3,0.050120193511247635,0.9847221970558167,0.9790582060813904,0.9750673770904541,0.9851588606834412,0.426308810710907,0.8765432238578796,0.8562962412834167,0.8410256505012512,0.9000000357627869
4,0.023994406685233116,0.9958333373069763,0.993306040763855,0.9904443621635437,0.9968944191932678,0.5562871098518372,0.8641975522041321,0.8345096707344055,0.8410256505012512,0.8666666150093079
5,0.03364425152540207,0.9944444298744202,0.9874119758605957,0.9966555237770081,0.9803511500358582,0.48361149430274963,0.8888888955116272,0.8587204813957214,0.8632478713989258,0.8666666150093079
