,loss,accuracy,f1,precision,recall,val_loss,val_accuracy,val_f1,val_precision,val_recall
0,0.5646854639053345,0.7027778029441833,0.4929780662059784,0.54160076379776,0.5415591597557068,0.41261592507362366,0.8271604776382446,0.826371431350708,0.7666666507720947,0.9333333373069763
1,0.2835496664047241,0.8791666626930237,0.8395408987998962,0.8430047035217285,0.8529041409492493,0.3453648090362549,0.8888888955116272,0.8757894039154053,0.8410256505012512,0.9333333373069763
2,0.19095636904239655,0.9236111044883728,0.8837706446647644,0.8917495608329773,0.8965910077095032,0.4157302677631378,0.8888888955116272,0.8757894039154053,0.8410256505012512,0.9333333373069763
3,0.1318943351507187,0.9583333134651184,0.9429066777229309,0.9478443264961243,0.9479056000709534,0.6992524266242981,0.8395061492919922,0.7635565400123596,0.8888888955116272,0.6777777671813965
4,0.1356409639120102,0.956944465637207,0.9427610635757446,0.9437591433525085,0.9484710693359375,0.5643748641014099,0.8395061492919922,0.7974082827568054,0.8205128312110901,0.800000011920929
