,loss,accuracy,f1,precision,recall,val_loss,val_accuracy,val_f1,val_precision,val_recall
0,0.5750409364700317,0.7097222208976746,0.4137376546859741,0.6002380847930908,0.36957189440727234,0.4343448281288147,0.790123462677002,0.781862735748291,0.714285671710968,0.9021164774894714
1,0.3713267743587494,0.8430555462837219,0.7614501118659973,0.8113636374473572,0.7577938437461853,0.45361512899398804,0.7654321193695068,0.5916666388511658,0.5942460298538208,0.6283069252967834
2,0.36335399746894836,0.8611111044883728,0.790924608707428,0.7948058843612671,0.8488887548446655,0.3583536148071289,0.8518518805503845,0.8461872935295105,0.7862433791160583,0.9576719403266907
3,0.24618825316429138,0.8958333134651184,0.8345974683761597,0.8389682173728943,0.8585625290870667,0.28394702076911926,0.8888888955116272,0.8831698894500732,0.8425925374031067,0.9576719403266907
4,0.1845685988664627,0.9319444298744202,0.905373215675354,0.8995855450630188,0.9285890460014343,0.3726831376552582,0.8888888955116272,0.8831698894500732,0.8425925374031067,0.9576719403266907
5,0.15765804052352905,0.9444444179534912,0.9215240478515625,0.9130590558052063,0.9403173923492432,0.3008577525615692,0.8765432238578796,0.8720588088035583,0.8306878209114075,0.9576719403266907
6,0.12823618948459625,0.9527778029441833,0.9203395247459412,0.9341703057289124,0.9266138076782227,0.3756454885005951,0.8271604776382446,0.7937674522399902,0.825925886631012,0.804894208908081
