,loss,accuracy,f1,precision,recall,val_loss,val_accuracy,val_f1,val_precision,val_recall
0,0.5086650848388672,0.737500011920929,0.5062353014945984,0.5329506993293762,0.5542392134666443,0.45116302371025085,0.8024691343307495,0.7603173851966858,0.8472221493721008,0.7562830448150635
1,0.28979775309562683,0.9013888835906982,0.8603570461273193,0.8676719665527344,0.8877304792404175,0.3629956841468811,0.8888888955116272,0.8867101669311523,0.8333333134651184,0.9814814925193787
2,0.19054894149303436,0.9361110925674438,0.9001810550689697,0.8942769169807434,0.9327601790428162,0.35847198963165283,0.8765432238578796,0.8721404671669006,0.8425925374031067,0.9391534328460693
3,0.1646980345249176,0.9527778029441833,0.9297119379043579,0.9202027916908264,0.9527159929275513,0.40904170274734497,0.8765432238578796,0.8789129257202148,0.821212112903595,0.9814814925193787
4,0.1317078024148941,0.9680555462837219,0.9573140740394592,0.9499471187591553,0.9742504358291626,0.4437163472175598,0.8641975522041321,0.8559367656707764,0.7944443821907043,0.9576719403266907
