,loss,accuracy,f1,precision,recall,val_loss,val_accuracy,val_f1,val_precision,val_recall
0,0.5080198049545288,0.7541666626930237,0.5241522192955017,0.7001102566719055,0.4864526093006134,0.32913219928741455,0.8888888955116272,0.8713623881340027,0.8761904835700989,0.8974867463111877
1,0.2610398828983307,0.8833333253860474,0.8368046283721924,0.8525100946426392,0.8531032204627991,0.32024720311164856,0.8765432238578796,0.8574735522270203,0.8595237731933594,0.8974867463111877
2,0.16173820197582245,0.9402777552604675,0.9134722948074341,0.924003541469574,0.9247090816497803,0.3309703767299652,0.8395061492919922,0.8332080245018005,0.8323232531547546,0.8789682388305664
3,0.09945552796125412,0.9736111164093018,0.9613200426101685,0.9687653183937073,0.9612345099449158,0.3781674802303314,0.8518518805503845,0.8088772892951965,0.8703703880310059,0.7810845971107483
