,loss,accuracy,f1,precision,recall,val_loss,val_accuracy,val_f1,val_precision,val_recall
0,0.5790329575538635,0.7097222208976746,0.48957180976867676,0.6136885285377502,0.5189918875694275,0.394328236579895,0.790123462677002,0.7917897701263428,0.7046052813529968,0.9388888478279114
1,0.2536918520927429,0.9152777791023254,0.8841258883476257,0.8811424374580383,0.8981375694274902,0.30869975686073303,0.8765432238578796,0.8435671925544739,0.8510100841522217,0.8388888835906982
2,0.13315589725971222,0.9527778029441833,0.9267635345458984,0.9281730055809021,0.933510422706604,0.41361740231513977,0.8641975522041321,0.8546058535575867,0.7817927002906799,0.9666666984558105
3,0.11182574182748795,0.9583333134651184,0.9414798021316528,0.9393872022628784,0.9521195888519287,0.3454352021217346,0.8641975522041321,0.8520857691764832,0.800000011920929,0.9333333373069763
4,0.04663464054465294,0.9847221970558167,0.9760810136795044,0.9808886051177979,0.9755505323410034,0.3877594769001007,0.8765432238578796,0.8430716395378113,0.8498168587684631,0.8666666150093079
5,0.00983452145010233,0.9972222447395325,0.9973552823066711,0.9975845217704773,0.9972826242446899,0.5235458016395569,0.8765432238578796,0.8430716395378113,0.8498168587684631,0.8666666150093079
