,loss,accuracy,f1,precision,recall,val_loss,val_accuracy,val_f1,val_precision,val_recall
0,0.35983115434646606,0.8527777791023254,0.7337465882301331,0.780934751033783,0.7513123154640198,0.2530081570148468,0.9012345671653748,0.8495369553565979,0.855555534362793,0.8518518805503845
1,0.1620185375213623,0.9388889074325562,0.9122802019119263,0.9251852035522461,0.9137831926345825,0.27801698446273804,0.8765432238578796,0.8491284847259521,0.7981481552124023,0.9259259700775146
2,0.1115642562508583,0.9624999761581421,0.9441222548484802,0.9352196455001831,0.967962920665741,0.2595563530921936,0.9012345671653748,0.8744047284126282,0.875,0.8835979104042053
3,0.038217220455408096,0.9916666746139526,0.9852109551429749,0.9827777147293091,0.9907407164573669,0.321953147649765,0.9135802388191223,0.8847222328186035,0.8791666626930237,0.9074074625968933
4,0.01813378371298313,0.9944444298744202,0.9916971921920776,0.9936507940292358,0.9912698268890381,0.3069821000099182,0.9135802388191223,0.8869047164916992,0.8796296119689941,0.9074074625968933
5,0.039415013045072556,0.9888888597488403,0.9827401041984558,0.9825925230979919,0.9874074459075928,0.3019002377986908,0.9135802388191223,0.8552350401878357,0.8888888359069824,0.8280423283576965
6,0.028592292219400406,0.9930555820465088,0.989851713180542,0.9925926327705383,0.9888888001441956,0.41291654109954834,0.8641975522041321,0.8398692607879639,0.7870370745658875,0.9259259700775146
7,0.008630859665572643,0.9972222447395325,0.9950617551803589,0.9955555200576782,0.9955555200576782,0.7236047387123108,0.8271604776382446,0.8255495429039001,0.7426347136497498,0.9814814925193787
