,loss,accuracy,f1,precision,recall,val_loss,val_accuracy,val_f1,val_precision,val_recall
0,0.5318014621734619,0.7083333134651184,0.37810009717941284,0.5344406962394714,0.35357654094696045,0.39793118834495544,0.8641975522041321,0.8099787831306458,0.8956229090690613,0.7444444298744202
1,0.3134324252605438,0.875,0.831159234046936,0.8419699668884277,0.8521572351455688,0.32333096861839294,0.8518518805503845,0.7933503985404968,0.8666666150093079,0.7388889193534851
2,0.21657736599445343,0.9166666865348816,0.8720263838768005,0.8636358380317688,0.8962315320968628,0.3442804515361786,0.8641975522041321,0.8520857691764832,0.800000011920929,0.9333333373069763
3,0.12150423228740692,0.9652777910232544,0.9513869285583496,0.9291801452636719,0.9795429110527039,0.37809279561042786,0.8518518805503845,0.837840735912323,0.7952380776405334,0.9055555462837219
4,0.05915135145187378,0.9833333492279053,0.9775329232215881,0.973146378993988,0.9835241436958313,0.4205861985683441,0.8395061492919922,0.7857575416564941,0.8376068472862244,0.7722222208976746
5,0.049280114471912384,0.987500011920929,0.9825729727745056,0.9753902554512024,0.9918246269226074,0.6049229502677917,0.8395061492919922,0.738300621509552,0.8791208863258362,0.6666666865348816
