,loss,accuracy,f1,precision,recall,val_loss,val_accuracy,val_f1,val_precision,val_recall
0,0.4409444034099579,0.8055555820465088,0.6269156336784363,0.7116490602493286,0.6136579513549805,0.3142218291759491,0.8765432238578796,0.8091215491294861,0.8703703880310059,0.7678571343421936
1,0.2102821171283722,0.9138888716697693,0.8663259744644165,0.8820515275001526,0.8690652847290039,0.2879052460193634,0.8765432238578796,0.8466775417327881,0.8111111521720886,0.9074074625968933
2,0.1541929841041565,0.9416666626930237,0.9065409302711487,0.9027073383331299,0.9337477684020996,0.26018577814102173,0.8765432238578796,0.8452069163322449,0.8064814209938049,0.9021164774894714
3,0.08597885072231293,0.9666666388511658,0.9532753825187683,0.9509524703025818,0.9649118185043335,0.2330634444952011,0.8888888955116272,0.8297564387321472,0.8981481194496155,0.7910053133964539
4,0.0611003078520298,0.980555534362793,0.9764017462730408,0.979523777961731,0.9767195582389832,0.2220029979944229,0.9012345671653748,0.876225471496582,0.8444444537162781,0.9259259700775146
5,0.05543001368641853,0.9847221970558167,0.9799595475196838,0.9832452535629272,0.9805026650428772,0.29189738631248474,0.8888888955116272,0.8651960492134094,0.8444444537162781,0.9074074625968933
6,0.04145330190658569,0.9888888597488403,0.9827300310134888,0.9864197373390198,0.9826093912124634,0.49146971106529236,0.8641975522041321,0.8348583579063416,0.7648147940635681,0.944444477558136
7,0.014641864225268364,0.9972222447395325,0.9955106973648071,0.9955555200576782,0.9962962865829468,0.37923839688301086,0.8888888955116272,0.8681917190551758,0.8203703761100769,0.944444477558136
