,loss,accuracy,f1,precision,recall,val_loss,val_accuracy,val_f1,val_precision,val_recall
0,0.38082483410835266,0.8291666507720947,0.6824989318847656,0.7144148349761963,0.6946633458137512,0.22895142436027527,0.9012345671653748,0.8275793194770813,0.9166666865348816,0.762566089630127
1,0.1664460301399231,0.9388889074325562,0.9128839373588562,0.9176101684570312,0.9244179725646973,0.2840234637260437,0.8518518805503845,0.8536763787269592,0.8195767402648926,0.9391534328460693
2,0.096421018242836,0.9722222089767456,0.9616749882698059,0.9556517601013184,0.9758024215698242,0.2878136932849884,0.8888888955116272,0.8616246581077576,0.8743386268615723,0.865079402923584
3,0.05748654529452324,0.9833333492279053,0.9748633503913879,0.969021201133728,0.9859259128570557,0.28403159976005554,0.9012345671653748,0.866188108921051,0.9021164774894714,0.8419312834739685
4,0.02522585168480873,0.9930555820465088,0.9914529323577881,0.9873016476631165,0.9968253970146179,0.3130246102809906,0.9012345671653748,0.8954247832298279,0.8481481671333313,0.9814814925193787
5,0.0793779119849205,0.980555534362793,0.9753706455230713,0.9744797348976135,0.9809612035751343,0.36460062861442566,0.9012345671653748,0.8943626880645752,0.8731481432914734,0.9391534328460693
6,0.023664206266403198,0.9916666746139526,0.9830197095870972,0.9805556535720825,0.9900000095367432,0.6409305334091187,0.8518518805503845,0.8462689518928528,0.7981481552124023,0.9391534328460693
7,0.06909793615341187,0.980555534362793,0.9713847637176514,0.9747883081436157,0.975105881690979,0.3787270784378052,0.8641975522041321,0.8647875189781189,0.8314814567565918,0.9391534328460693
